<?xml version="1.0" encoding="UTF-8" standalone="no"?>
	<featureModel chosenLayoutAlgorithm="4">
		<struct>
			<and mandatory="true" name="Mobile Media [MM]">
				<and mandatory="true" name="Media Management [ME]">
					<feature mandatory="true" name="Create/Delete [CD]"/>
					<feature mandatory="true" name="Label Media [LM]"/>
					<feature mandatory="true" name="View/Play Media [VM]"/>
				</and>
				<feature name="Favourites [F]"/>
				<feature name="Copy Media [CM]"/>
				<feature name="SMS Transfer  [SMS]"/>
				<or mandatory="true" name="Media [E]">
					<feature mandatory="true" name="Photo [P]"/>
					<feature mandatory="true" name="Music [M]"/>
					<feature mandatory="true" name="Video [V]"/>
				</or>
			</and>
		</struct>
		<constraints/>
		<calculations Auto="true" Constraints="true" Features="true" Redundant="true" Tautology="true"/>
		<comments/>
		<featureOrder userDefined="false"/>
	</featureModel>
