<?xml version="1.0" encoding="UTF-8" standalone="no"?>
	<featureModel chosenLayoutAlgorithm="4">
		<struct>
			<and mandatory="true" name="Feature_A">
				<or mandatory="false" name="Feature_B">
					<and mandatory="false" name="Feature_F">
						<feature mandatory="false" name="Feature_B1">
						</feature>
						<feature mandatory="false" name="Feature_C1">
						</feature>
						<feature mandatory="false" name="Feature_D1">
						</feature>
						<or mandatory="false" name="Feature_E1">
							<feature mandatory="false" name="Feature_F1">
							</feature>
							<feature mandatory="false" name="Feature_G1">
								<feature mandatory="false" name="Feature_H1">
									<feature mandatory="false" name="Feature_I1">
									</feature>
								</feature>
							</feature>
						</or>
					</and>
					<feature mandatory="false" name="Feature_G">
					</feature>
					<feature mandatory="false" name="Feature_H">
					</feature>
					<feature mandatory="false" name="Feature_I">
					</feature>
					<feature mandatory="false" name="Feature_J">
					</feature>
					<feature mandatory="false" name="Feature_A1">
					</feature>
				</or>
				<feature mandatory="false" name="Feature_C">
				</feature>
				<feature mandatory="false" name="Feature_D">
				</feature>
				<feature mandatory="false" name="Feature_E">
				</feature>
				<feature mandatory="false" name="Feature_J1">
				</feature>
			</and>
		</struct>
		<constraints/>
		<calculations Auto="true" Constraints="true" Features="true" Redundant="true" Tautology="true"/>
		<comments/>
		<featureOrder userDefined="false"/>
	</featureModel>
