<?xml version="1.0" encoding="UTF-8" standalone="no"?>
	<featureModel chosenLayoutAlgorithm="4">
		<struct>
			<and mandatory="true" name="Feature_A">
				<feature mandatory="false" name="Feature_B">
				</feature>
				<and mandatory="false" name="Feature_C">
					<feature mandatory="false" name="Feature_F">
					</feature>
					<and mandatory="false" name="Feature_G">
						<feature mandatory="false" name="Feature_H1">
						</feature>
						<feature mandatory="false" name="Feature_I1">
						</feature>
					</and>
					<feature mandatory="false" name="Feature_H">
					</feature>
					<feature mandatory="false" name="Feature_I">
					</feature>
					<feature mandatory="false" name="Feature_J">
					</feature>
					<feature mandatory="false" name="Feature_A1">
					</feature>
					<feature mandatory="false" name="Feature_B1">
					</feature>
					<feature mandatory="false" name="Feature_C1">
					</feature>
					<feature mandatory="false" name="Feature_D1">
					</feature>
					<feature mandatory="false" name="Feature_E1">
					</feature>
					<feature mandatory="false" name="Feature_F1">
					</feature>
					<feature mandatory="false" name="Feature_G1">
					</feature>
				</and>
				<feature mandatory="false" name="Feature_D">
				</feature>
				<feature mandatory="false" name="Feature_E">
				</feature>
				<feature mandatory="false" name="Feature_J1">
				</feature>
			</and>
		</struct>
		<constraints/>
		<calculations Auto="true" Constraints="true" Features="true" Redundant="true" Tautology="true"/>
		<comments/>
		<featureOrder userDefined="false"/>
	</featureModel>
