<?xml version="1.0" encoding="UTF-8" standalone="no"?>
	<featureModel chosenLayoutAlgorithm="4">
		<struct>
			<and mandatory="true" name="Arcade_Game_Maker_AGM_G">
				<and mandatory="true" name="Action_A">
					<feature mandatory="true" name="Movement_M"/>
					<feature mandatory="true" name="Collision_L"/>
				</and>
				<feature mandatory="true" name="Configuration_C"/>
				<alt mandatory="true" name="Rules_R">
					<feature mandatory="true" name="Brickles_B"/>
					<feature mandatory="true" name="Pong_N"/>
					<feature mandatory="true" name="Bowling_W"/>
				</alt>
				<and mandatory="true" name="Services_V">
					<feature mandatory="true" name="Play_Y"/>
					<feature mandatory="true" name="Pause_P"/>
					<feature name="Save_S"/>
				</and>
			</and>
		</struct>
		<constraints/>
		<calculations Auto="true" Constraints="true" Features="true" Redundant="true" Tautology="true"/>
		<comments/>
		<featureOrder userDefined="false"/>
	</featureModel>
