<?xml version="1.0" encoding="UTF-8" standalone="no"?>
	<featureModel chosenLayoutAlgorithm="4">
		<struct>
			<and mandatory="true" name="Body Confort System [BCS]">
				<and mandatory="true" name="Door System [DS]">
					<description>
						
					</description>
					<and mandatory="true" name="Power Window [PW]">
						<feature mandatory="true" name="Finger Protection [FP]"/>
					</and>
				</and>
				<and name="Security [SEC]">
					<and name="Alarm System [AS]">
						<feature name="Interior Monitoring [IM]"/>
					</and>
					<and name="Central Locking System [CLS]">
						<feature name="Automatic Locking [AL]"/>
					</and>
					<and name="Remote Control Key [RCK]">
						<feature name="Control Alarm System [CAS]"/>
						<feature name="Safety Function [SF]"/>
						<feature name="Control Automatic Power Window [CAP]"/>
					</and>
				</and>
			</and>
		</struct>
		<constraints>
			<rule>
				<imp>
					<var>Control Alarm System [CAS]</var>
					<var>Alarm System [AS]</var>
				</imp>
			</rule>
			<rule>
				<imp>
					<var>Remote Control Key [RCK]</var>
					<var>Central Locking System [CLS]</var>
				</imp>
			</rule>
		</constraints>
		<calculations Auto="true" Constraints="true" Features="true" Redundant="true" Tautology="true"/>
		<comments/>
		<featureOrder userDefined="false"/>
	</featureModel>
