<?xml version="1.0" encoding="UTF-8" standalone="no"?>
	<featureModel chosenLayoutAlgorithm="1">
		<struct>
			<and mandatory="true" name="Root [f0]">
				<and name="Optional [f1]">
					<and name="Optional [f2]">
						<and name="Optional [f3]">
							<and name="Optional [f4]">
								<and name="Optional [f5]">
									<and name="Optional [f6]">
										<and name="Optional [f7]">
											<and name="Optional [f8]">
												<and name="Optional [f9]">
													<feature name="Optional [f10]"/>
												</and>
											</and>
										</and>
									</and>
								</and>
							</and>
						</and>
					</and>
				</and>
			</and>
		</struct>
		<constraints/>
		<calculations Auto="true" Constraints="true" Features="true" Redundant="true" Tautology="true"/>
		<comments/>
		<featureOrder userDefined="false"/>
	</featureModel>
