<?xml version="1.0" encoding="UTF-8" standalone="no"?>
	<featureModel chosenLayoutAlgorithm="4">
		<struct>
			<and mandatory="true" name="Arcade Game maker - AGM [G]">
				<and mandatory="true" name="Services [V]">
					<feature mandatory="true" name="Play [Y]"/>
					<feature mandatory="true" name="Pause [P]"/>
					<feature name="Save [S]"/>
				</and>
				<alt mandatory="true" name="Rules [R]">
					<feature mandatory="true" name="Brickles [B]"/>
					<feature mandatory="true" name="Pong [N]"/>
					<feature mandatory="true" name="Bowling [W]"/>
				</alt>
				<feature mandatory="true" name="Configuration [C]"/>
				<and mandatory="true" name="Action [A]">
					<feature mandatory="true" name="Movement [M]"/>
					<feature mandatory="true" name="Collision [L]"/>
				</and>
			</and>
		</struct>
		<constraints/>
		<calculations Auto="true" Constraints="true" Features="true" Redundant="true" Tautology="true"/>
		<comments/>
		<featureOrder userDefined="false"/>
	</featureModel>
